Tên địa điểm,Địa chỉ,Số điện thoại,Website
Phuong Nam Bookstore,"3 Nguyễn Oanh, Phường 10, Gò Vấp, Hồ Chí Minh","
028 3989 6664",facebook.com
Bach Dang book store,"485 Phạm Văn Chiêu, Phường 15, Gò Vấp, Hồ Chí Minh","
0977 444 222",bachdangbook.com
Nhà Sách FAHASA Gò Vấp,"E-Mart, 366 Phan Văn Trị, Phường 5, Gò Vấp, Hồ Chí Minh 700000","
028 3588 8797",fahasasg.com.vn
FAHASA Lac Xuan Bookstore,"220 Đ.Nguyễn Văn Nghi, Phường 1, Gò Vấp, Hồ Chí Minh 700000","
028 3894 4846",fahasasg.com.vn
Nhà Sách Phạm Văn Chiêu,"202 Phạm Văn Chiêu, Phường 8, Gò Vấp, Hồ Chí Minh","
028 3947 1245",nhasachphamvanchieu.com
Nhà Sách Tháng Sáu,"171b Tân Thới Hiệp 20, Tân Thới Hiệp, Quận 12, Hồ Chí Minh","
0786 295 651",Không có dữ liệu
Nhà Sách Đức Trí,"96 Hiệp Thành 27, Hiệp Thành, Quận 12, Hồ Chí Minh","
0914 910 506",Không có dữ liệu
Nhà Sách Bạch Đằng Quận 12,"6A Đ. Nguyễn Ảnh Thủ, Hiệp Thành, Quận 12, Hồ Chí Minh 71500","
0369 929 071",bachdang.info
Nhà Sách Hồng Sen (Sen Hồng 2),"49 Nguyễn Thị Kiêu, Khu phố 2, Quận 12, Hồ Chí Minh 700000","
0913 281 877",senhongp.vn
Nhà Sách Thanh Vân,"15 Đ. Nguyễn Thị Đặng, Hiệp Thành, Quận 12, Hồ Chí Minh","
0944 967 286",Không có dữ liệu
Bach Dang book store,"485 Phạm Văn Chiêu, Phường 15, Gò Vấp, Hồ Chí Minh","
0977 444 222",bachdangbook.com
Nhà Sách Phạm Văn Chiêu,"202 Phạm Văn Chiêu, Phường 8, Gò Vấp, Hồ Chí Minh","
028 3947 1245",nhasachphamvanchieu.com
Nhà Sách Tháng Sáu,"171b Tân Thới Hiệp 20, Tân Thới Hiệp, Quận 12, Hồ Chí Minh","
0786 295 651",Không có dữ liệu
Nhà Sách Đức Trí,"96 Hiệp Thành 27, Hiệp Thành, Quận 12, Hồ Chí Minh","
0914 910 506",Không có dữ liệu
Nhà Sách Bạch Đằng Quận 12,"6A Đ. Nguyễn Ảnh Thủ, Hiệp Thành, Quận 12, Hồ Chí Minh 71500","
0369 929 071",bachdang.info
Nhà Sách Hồng Sen (Sen Hồng 2),"49 Nguyễn Thị Kiêu, Khu phố 2, Quận 12, Hồ Chí Minh 700000","
0913 281 877",senhongp.vn
Nhà Sách Thanh Vân,"15 Đ. Nguyễn Thị Đặng, Hiệp Thành, Quận 12, Hồ Chí Minh","
0944 967 286",Không có dữ liệu
Nhà sách Hùng Vương,"919 Phú Riềng Đỏ, Tân Xuân, Đồng Xoài, Bình Phước 830000",Không có dữ liệu,Không có dữ liệu
Nhà Sách Fahasa Bình Phước,"Lê Thị Riêng, Tân Bình, Đồng Xoài, Bình Phước","
0271 3865 111",fahasa.com
Sách Việt Bình Phước,"967 QL14, Tiến Thành, Đồng Xoài, Bình Phước 830000","
0392 432 544",Không có dữ liệu
Nhà Sách Huy Nam,"962 QL14, Tiến Thành, Đồng Xoài, Bình Phước","
0988 765 334",s.lazada.vn
Nhà sách Chung Lý,"1127 Phú Riềng Đỏ, Phường Tân Thiện, Đồng Xoài, Bình Phước","
0918 688 123",chungly.com.vn
Nhà sách Nhất Vương,"GWV5+3CQ, Nguyễn Huệ, Tân Đồng, Đồng Xoài, Bình Phước","
0869 931 111",Không có dữ liệu
Nhà Sách Giáo Dục,"1 Trần Hưng Đạo, Tân Phú, Đồng Xoài, Bình Phước 830000",Không có dữ liệu,Không có dữ liệu
Nhà sách Hùng Vương,"919 Phú Riềng Đỏ, Tân Xuân, Đồng Xoài, Bình Phước 830000",Không có dữ liệu,Không có dữ liệu
Nhà Sách Fahasa Bình Phước,"Lê Thị Riêng, Tân Bình, Đồng Xoài, Bình Phước","
0271 3865 111",fahasa.com
Sách Việt Bình Phước,"967 QL14, Tiến Thành, Đồng Xoài, Bình Phước 830000","
0392 432 544",Không có dữ liệu
Nhà Sách Huy Nam,"962 QL14, Tiến Thành, Đồng Xoài, Bình Phước","
0988 765 334",s.lazada.vn
Nhà sách Chung Lý,"1127 Phú Riềng Đỏ, Phường Tân Thiện, Đồng Xoài, Bình Phước","
0918 688 123",chungly.com.vn
Nhà sách Nhất Vương,"GWV5+3CQ, Nguyễn Huệ, Tân Đồng, Đồng Xoài, Bình Phước","
0869 931 111",Không có dữ liệu
Nhà Sách Giáo Dục,"1 Trần Hưng Đạo, Tân Phú, Đồng Xoài, Bình Phước 830000",Không có dữ liệu,Không có dữ liệu
Nhà sách Hùng Vương,"919 Phú Riềng Đỏ, Tân Xuân, Đồng Xoài, Bình Phước 830000",Không có dữ liệu,Không có dữ liệu
Nhà Sách Fahasa Bình Phước,"Lê Thị Riêng, Tân Bình, Đồng Xoài, Bình Phước","
0271 3865 111",fahasa.com
Sách Việt Bình Phước,"967 QL14, Tiến Thành, Đồng Xoài, Bình Phước 830000","
0392 432 544",Không có dữ liệu
Nhà Sách Huy Nam,"962 QL14, Tiến Thành, Đồng Xoài, Bình Phước","
0988 765 334",s.lazada.vn
Nhà sách Chung Lý,"1127 Phú Riềng Đỏ, Phường Tân Thiện, Đồng Xoài, Bình Phước","
0918 688 123",chungly.com.vn
Nhà sách Nhất Vương,"GWV5+3CQ, Nguyễn Huệ, Tân Đồng, Đồng Xoài, Bình Phước","
0869 931 111",Không có dữ liệu
Nhà Sách Giáo Dục,"1 Trần Hưng Đạo, Tân Phú, Đồng Xoài, Bình Phước 830000",Không có dữ liệu,Không có dữ liệu
Nhà Sách FAHASA Quảng Bình,"Lê Lợi, Khu đô thị Bắc, Đồng Hới, Quảng Bình 510000","
0232 3889 588",fahasasg.com.vn
Nhà Sách Thời Đại,"FJ83+XRH, Võ Thị Sáu, Nam Sách, Đồng Hới, Quảng Bình","
0232 3823 957",Không có dữ liệu
Nhà Sách Trẻ,"5 Lý Thường Kiệt, Đồng Hải, Đồng Hới, Quảng Bình","
0232 3857 868",Không có dữ liệu
Nhà Sách Giáo Dục,"3 Mẹ Suốt, Đồng Hải, Đồng Hới, Quảng Bình 47000","
0915 792 694",Không có dữ liệu
Hiệu Sách Bố Trạch,"Chợ, Bố Trạch, Quảng Bình","
0915 860 016",hieusachbotrach.com
Nhà Sách Ngọc Hân,"549 Lý Thường Kiệt, Đồng Phú, Đồng Hới, Quảng Bình","
0982 750 791",Không có dữ liệu
Nhà Sách Quang Trung,"316 Lý Thường Kiệt, Phường Hải Thành, Đồng Hới, Quảng Bình","
0232 3823 536",Không có dữ liệu
Nhà sách Hùng Vương,"919 Phú Riềng Đỏ, Tân Xuân, Đồng Xoài, Bình Phước 830000",Không có dữ liệu,Không có dữ liệu
Nhà Sách Fahasa Bình Phước,"Lê Thị Riêng, Tân Bình, Đồng Xoài, Bình Phước","
0271 3865 111",fahasa.com
Nhà Sách Tuấn Minh,"ĐT759, Phươc Bình, Phước Long, Bình Phước","
0918 639 986",Không có dữ liệu
Nhà sách Chung Lý,"1127 Phú Riềng Đỏ, Phường Tân Thiện, Đồng Xoài, Bình Phước","
0918 688 123",chungly.com.vn
Nhà Sách Thanh Vân,"MJ34+QXW, Đinh Tiên Hoàng, An Lộc, Hớn Quản, Bình Phước",Không có dữ liệu,Không có dữ liệu
NHÀ SÁCH THU HƯỜNG,"23 Trần Hưng Đạo, An Lộc, Bình Long, Bình Phước","
0839 287 389",Không có dữ liệu
Sách Việt Bình Phước,"967 QL14, Tiến Thành, Đồng Xoài, Bình Phước 830000","
0392 432 544",Không có dữ liệu
Lonely Bean - Cà phê thủ công,,,
Symbol Coffee & Tea,"304 Đ. Nguyễn Thái Sơn, Phường 1, Gò Vấp, Hồ Chí Minh","
0826 687 968",Không có dữ liệu
Thức Coffee,"320 Đ. Nguyễn Thái Sơn, Phường 1, Gò Vấp, Hồ Chí Minh","
028 3985 3943",thuccoffee.com.vn
LA COFFEE,"268 Đ. Nguyễn Thái Sơn, Phường 1, Gò Vấp, Hồ Chí Minh",Không có dữ liệu,Không có dữ liệu
